title,year,runtime,genre(s),director(s),writer(s),actor(s),rating(s),number of rating(s)
The Shawshank Redemption,1994,2h 22min,Crime; Drama,Frank Darabont,Stephen King,Tim Robbins; Morgan Freeman; Bob Gunton,9.3,"1,937,807"
The Godfather,1972,2h 55min,Crime; Drama,Francis Ford Coppola,Mario Puzo,Marlon Brando; Al Pacino; James Caan,9.2,"1,325,883"
The Godfather: Part II,1974,3h 22min,Crime; Drama,Francis Ford Coppola,Francis Ford Coppola,Al Pacino; Robert De Niro; Robert Duvall,9.0,"916,512"
The Dark Knight,2008,2h 32min,Crime; Drama; Thriller,Christopher Nolan,Jonathan Nolan,Christian Bale; Heath Ledger; Aaron Eckhart,9.0,"1,908,417"
12 Angry Men,1957,1h 36min,Crime; Drama,Sidney Lumet,Reginald Rose,Henry Fonda; Lee J. Cobb; Martin Balsam,8.9,"537,579"
Schindler's List,1993,3h 15min,Biography; Drama; History,Steven Spielberg,Thomas Keneally,Liam Neeson; Ralph Fiennes; Ben Kingsley,8.9,"999,291"
The Lord of the Rings: The Return of the King,2003,3h 21min,Adventure; Drama; Fantasy,Peter Jackson,J.R.R. Tolkien,Elijah Wood; Viggo Mortensen; Ian McKellen,8.9,"1,383,454"
Pulp Fiction,1994,2h 34min,Crime; Drama,Quentin Tarantino,Quentin Tarantino,John Travolta; Uma Thurman; Samuel L. Jackson,8.9,"1,514,309"
"Il buono, il brutto, il cattivo",1966,2h 41min,Western,Sergio Leone,Luciano Vincenzoni,Clint Eastwood; Eli Wallach; Lee Van Cleef,8.9,"575,063"
Fight Club,1999,2h 19min,Drama,David Fincher,Chuck Palahniuk,Brad Pitt; Edward Norton; Meat Loaf,8.8,"1,552,182"
The Lord of the Rings: The Fellowship of the Ring,2001,2h 58min,Adventure; Drama; Fantasy,Peter Jackson,J.R.R. Tolkien,Elijah Wood; Ian McKellen; Orlando Bloom,8.8,"1,402,529"
Forrest Gump,1994,2h 22min,Drama; Romance,Robert Zemeckis,Winston Groom,Tom Hanks; Robin Wright; Gary Sinise,8.8,"1,468,042"
Star Wars: Episode V - The Empire Strikes Back,1980,2h 4min,Action; Adventure; Fantasy,Irvin Kershner,Leigh Brackett,Mark Hamill; Harrison Ford; Carrie Fisher,8.8,"974,861"
Inception,2010,2h 28min,Action; Adventure; Sci-Fi,Christopher Nolan,Christopher Nolan,Leonardo DiCaprio; Joseph Gordon-Levitt; Ellen Page,8.8,"1,695,599"
The Lord of the Rings: The Two Towers,2002,2h 59min,Adventure; Drama; Fantasy,Peter Jackson,J.R.R. Tolkien,Elijah Wood; Ian McKellen; Viggo Mortensen,8.7,"1,252,263"
One Flew Over the Cuckoo's Nest,1975,2h 13min,Drama,Milos Forman,Lawrence Hauben,Jack Nicholson; Louise Fletcher; Michael Berryman,8.7,"773,126"
Goodfellas,1990,2h 26min,Biography; Crime; Drama,Martin Scorsese,Nicholas Pileggi,Robert De Niro; Ray Liotta; Joe Pesci,8.7,"836,253"
The Matrix,1999,2h 16min,Action; Sci-Fi,Lana Wachowski,Lilly Wachowski,Keanu Reeves; Laurence Fishburne; Carrie-Anne Moss,8.7,"1,392,367"
Shichinin no samurai,1954,3h 27min,Adventure; Drama,Akira Kurosawa,Akira Kurosawa,Toshirô Mifune; Takashi Shimura; Keiko Tsushima,8.7,"262,763"
Cidade de Deus,2002,2h 10min,Crime; Drama,Fernando Meirelles,Paulo Lins,Alexandre Rodrigues; Leandro Firmino; Matheus Nachtergaele,8.6,"602,645"
Star Wars: Episode IV - A New Hope,1977,2h 1min,Action; Adventure; Fantasy,George Lucas,George Lucas,Mark Hamill; Harrison Ford; Carrie Fisher,8.6,"1,046,786"
Se7en,1995,2h 7min,Crime; Drama; Mystery,David Fincher,Andrew Kevin Walker,Morgan Freeman; Brad Pitt; Kevin Spacey,8.6,"1,182,618"
The Silence of the Lambs,1991,1h 58min,Crime; Drama; Thriller,Jonathan Demme,Thomas Harris,Jodie Foster; Anthony Hopkins; Lawrence A. Bonney,8.6,"1,035,638"
It's a Wonderful Life,1946,2h 10min,Drama; Family; Fantasy,Frank Capra,Frances Goodrich,James Stewart; Donna Reed; Lionel Barrymore,8.6,"326,207"
La vita è bella,1997,1h 56min,Comedy; Drama; War,Roberto Benigni,Vincenzo Cerami,Roberto Benigni; Nicoletta Braschi; Giorgio Cantarini,8.6,"502,669"
The Usual Suspects,1995,1h 46min,Crime; Mystery; Thriller,Bryan Singer,Christopher McQuarrie,Kevin Spacey; Gabriel Byrne; Chazz Palminteri,8.6,"845,282"
De reis van Chihiro,2001,2h 5min,Animation; Adventure; Family,Hayao Miyazaki,Hayao Miyazaki,Daveigh Chase; Suzanne Pleshette; Miyu Irino,8.6,"503,799"
Léon,1994,1h 50min,Crime; Drama; Thriller,Luc Besson,Luc Besson,Jean Reno; Gary Oldman; Natalie Portman,8.6,"845,937"
Saving Private Ryan,1998,2h 49min,Drama; War,Steven Spielberg,Robert Rodat,Tom Hanks; Matt Damon; Tom Sizemore,8.6,"1,021,548"
Interstellar,2014,2h 49min,Adventure; Drama; Sci-Fi,Christopher Nolan,Jonathan Nolan,Matthew McConaughey; Anne Hathaway; Jessica Chastain,8.6,"1,162,986"
The Green Mile,1999,3h 9min,Crime; Drama; Fantasy,Frank Darabont,Stephen King,Tom Hanks; Michael Clarke Duncan; David Morse,8.5,"922,875"
American History X,1998,1h 59min,Crime; Drama,Tony Kaye,David McKenna,Edward Norton; Edward Furlong; Beverly D'Angelo,8.5,"890,180"
Psycho,1960,1h 49min,Horror; Mystery; Thriller,Alfred Hitchcock,Joseph Stefano,Anthony Perkins; Janet Leigh; Vera Miles,8.5,"491,558"
Once Upon a Time in the West,1968,2h 44min,Western,Sergio Leone,Sergio Donati,Henry Fonda; Charles Bronson; Claudia Cardinale,8.5,"251,515"
City Lights,1931,1h 27min,Comedy; Drama; Romance,Charles Chaplin,Charles Chaplin,Charles Chaplin; Virginia Cherrill; Florence Lee,8.6,"132,244"
Casablanca,1942,1h 42min,Drama; Romance; War,Michael Curtiz,Julius J. Epstein,Humphrey Bogart; Ingrid Bergman; Paul Henreid,8.5,"442,727"
The Intouchables,2011,1h 52min,Biography; Comedy; Drama,Olivier Nakache,Olivier Nakache,François Cluzet; Omar Sy; Anne Le Ny,8.5,"612,392"
Modern Times,1936,1h 27min,Comedy; Drama; Family,Charles Chaplin,Charles Chaplin,Charles Chaplin; Paulette Goddard; Henry Bergman,8.5,"172,708"
The Pianist,2002,2h 30min,Biography; Drama; Music,Roman Polanski,Ronald Harwood,Adrien Brody; Thomas Kretschmann; Frank Finlay,8.5,"586,142"
The Departed,2006,2h 31min,Crime; Drama; Thriller,Martin Scorsese,William Monahan,Leonardo DiCaprio; Matt Damon; Jack Nicholson,8.5,"999,344"
Indiana Jones and the Raiders of the Lost Ark,1981,1h 55min,Action; Adventure,Steven Spielberg,Lawrence Kasdan,Harrison Ford; Karen Allen; Paul Freeman,8.5,"752,616"
Terminator 2: Judgment Day,1991,2h 17min,Action; Sci-Fi,James Cameron,James Cameron,Arnold Schwarzenegger; Linda Hamilton; Edward Furlong,8.5,"844,657"
Rear Window,1954,1h 52min,Mystery; Thriller,Alfred Hitchcock,John Michael Hayes,James Stewart; Grace Kelly; Wendell Corey,8.5,"367,033"
Back to the Future,1985,1h 56min,Adventure; Comedy; Sci-Fi,Robert Zemeckis,Robert Zemeckis,Michael J. Fox; Christopher Lloyd; Lea Thompson,8.5,"854,852"
Whiplash,2014,1h 47min,Drama; Music,Damien Chazelle,Damien Chazelle,Miles Teller; J.K. Simmons; Melissa Benoist,8.5,"543,091"
Gladiator,2000,2h 35min,Action; Adventure; Drama,Ridley Scott,David Franzoni,Russell Crowe; Joaquin Phoenix; Connie Nielsen,8.5,"1,123,330"
De Leeuwenkoning,1994,1h 28min,Animation; Adventure; Drama,Roger Allers,Irene Mecchi,Matthew Broderick; Jeremy Irons; James Earl Jones,8.5,"759,338"
The Prestige,2006,2h 10min,Drama; Mystery; Sci-Fi,Christopher Nolan,Jonathan Nolan,Christian Bale; Hugh Jackman; Scarlett Johansson,8.5,"985,764"
Memento,2000,1h 53min,Mystery; Thriller,Christopher Nolan,Christopher Nolan,Guy Pearce; Carrie-Anne Moss; Joe Pantoliano,8.5,"965,541"
Apocalypse Now,1979,2h 27min,Drama; War,Francis Ford Coppola,John Milius,Martin Sheen; Marlon Brando; Robert Duvall,8.5,"510,875"
Alien,1979,1h 56min,Horror; Sci-Fi,Ridley Scott,Dan O'Bannon,Sigourney Weaver; Tom Skerritt; John Hurt,8.5,"662,035"
De dictator,1940,2h 5min,Comedy; Drama; War,Charles Chaplin,Charles Chaplin,Charles Chaplin; Paulette Goddard; Jack Oakie,8.5,"165,068"
Nuovo Cinema Paradiso,1988,2h 35min,Drama,Giuseppe Tornatore,Giuseppe Tornatore,Philippe Noiret; Enzo Cannavale; Antonella Attili,8.5,"182,747"
Sunset Blvd.,1950,1h 50min,Drama; Film-Noir,Billy Wilder,Charles Brackett,William Holden; Gloria Swanson; Erich von Stroheim,8.5,"164,448"
Dr. Strangelove or: How I Learned to Stop Worrying and Love the Bomb,1964,1h 35min,Comedy; War,Stanley Kubrick,Stanley Kubrick,Peter Sellers; George C. Scott; Sterling Hayden,8.5,"389,469"
Hotaru no haka,1988,1h 29min,Animation; Drama; War,Isao Takahata,Akiyuki Nosaka,Tsutomu Tatsumi; Ayano Shiraishi; Akemi Yamaguchi,8.5,"173,227"
Das Leben der Anderen,2006,2h 17min,Drama; Thriller,Florian Henckel von Donnersmarck,Florian Henckel von Donnersmarck,Ulrich Mühe; Martina Gedeck; Sebastian Koch,8.5,"299,782"
Paths of Glory,1957,1h 28min,Drama; War,Stanley Kubrick,Stanley Kubrick,Kirk Douglas; Ralph Meeker; Adolphe Menjou,8.4,"142,931"
Coco,2017,1h 45min,Animation; Adventure; Comedy,Lee Unkrich,Lee Unkrich,Anthony Gonzalez; Gael García Bernal; Benjamin Bratt,8.5,"154,032"
The Shining,1980,2h 26min,Drama; Horror,Stanley Kubrick,Stephen King,Jack Nicholson; Shelley Duvall; Danny Lloyd,8.4,"713,045"
Django Unchained,2012,2h 45min,Drama; Western,Quentin Tarantino,Quentin Tarantino,Jamie Foxx; Christoph Waltz; Leonardo DiCaprio,8.4,"1,118,369"
WALL·E,2008,1h 38min,Animation; Adventure; Family,Andrew Stanton,Andrew Stanton,Ben Burtt; Elissa Knight; Jeff Garlin,8.4,"836,197"
Mononoke-hime,1997,2h 14min,Animation; Adventure; Fantasy,Hayao Miyazaki,Hayao Miyazaki,Yôji Matsuda; Yuriko Ishida; Yûko Tanaka,8.4,"267,766"
American Beauty,1999,2h 2min,Drama,Sam Mendes,Alan Ball,Kevin Spacey; Annette Bening; Thora Birch,8.4,"932,754"
The Dark Knight Rises,2012,2h 44min,Action; Thriller,Christopher Nolan,Jonathan Nolan,Christian Bale; Tom Hardy; Anne Hathaway,8.4,"1,297,688"
Witness for the Prosecution,1957,1h 56min,Crime; Drama; Mystery,Billy Wilder,Agatha Christie,Tyrone Power; Marlene Dietrich; Charles Laughton,8.4,"81,050"
Oldeuboi,2003,2h,Action; Drama; Mystery,Chan-wook Park,Garon Tsuchiya,Min-sik Choi; Ji-tae Yu; Hye-jeong Kang,8.4,"421,411"
Aliens,1986,2h 17min,Action; Adventure; Sci-Fi,James Cameron,James Cameron,Sigourney Weaver; Michael Biehn; Carrie Henn,8.4,"562,079"
Once Upon a Time in America,1984,3h 49min,Crime; Drama,Sergio Leone,Harry Grey,Robert De Niro; James Woods; Elizabeth McGovern,8.4,"256,156"
Das Boot,1981,2h 29min,Adventure; Drama; Thriller,Wolfgang Petersen,Wolfgang Petersen,Jürgen Prochnow; Herbert Grönemeyer; Klaus Wennemann,8.4,"194,260"
Citizen Kane,1941,1h 59min,Drama; Mystery,Orson Welles,Herman J. Mankiewicz,Orson Welles; Joseph Cotten; Dorothy Comingore,8.4,"339,358"
North by Northwest,1959,2h 16min,Adventure; Mystery; Thriller,Alfred Hitchcock,Ernest Lehman,Cary Grant; Eva Marie Saint; James Mason,8.4,"251,822"
Vertigo,1958,2h 8min,Mystery; Romance; Thriller,Alfred Hitchcock,Alec Coppel,James Stewart; Kim Novak; Barbara Bel Geddes,8.3,"293,838"
Braveheart,1995,2h 58min,Biography; Drama; History,Mel Gibson,Randall Wallace,Mel Gibson; Sophie Marceau; Patrick McGoohan,8.4,"838,692"
Reservoir Dogs,1992,1h 39min,Crime; Drama; Thriller,Quentin Tarantino,Quentin Tarantino,Harvey Keitel; Tim Roth; Michael Madsen,8.3,"766,086"
Star Wars: Episode VI - Return of the Jedi,1983,2h 11min,Action; Adventure; Fantasy,Richard Marquand,Lawrence Kasdan,Mark Hamill; Harrison Ford; Carrie Fisher,8.3,"801,528"
Dangal,2016,2h 41min,Action; Biography; Drama,Nitesh Tiwari,Piyush Gupta,Aamir Khan; Sakshi Tanwar; Fatima Sana Shaikh,8.6,"91,319"
M,1931,1h 57min,Crime; Drama; Mystery,Fritz Lang,Thea von Harbou,Peter Lorre; Ellen Widmann; Inge Landgut,8.4,"117,135"
Kimi no na wa.,2016,1h 46min,Animation; Drama; Fantasy,Makoto Shinkai,Makoto Shinkai,Ryûnosuke Kamiki; Mone Kamishiraishi; Ryô Narita,8.4,"88,020"
Requiem for a Dream,2000,1h 42min,Drama,Darren Aronofsky,Hubert Selby Jr.,Ellen Burstyn; Jared Leto; Jennifer Connelly,8.3,"656,354"
Taare Zameen Par,2007,2h 45min,Drama; Family,Aamir Khan,Amole Gupte,Darsheel Safary; Aamir Khan; Tanay Chheda,8.5,"121,459"
Amadeus,1984,2h 40min,Biography; Drama; History,Milos Forman,Peter Shaffer,F. Murray Abraham; Tom Hulce; Elizabeth Berridge,8.3,"313,193"
Amélie,2001,2h 2min,Comedy; Romance,Jean-Pierre Jeunet,Guillaume Laurant,Audrey Tautou; Mathieu Kassovitz; Rufus,8.3,"610,862"
A Clockwork Orange,1971,2h 16min,Crime; Drama; Sci-Fi,Stanley Kubrick,Stanley Kubrick,Malcolm McDowell; Patrick Magee; Michael Bates,8.3,"640,609"
Lawrence of Arabia,1962,3h 36min,Adventure; Biography; Drama,David Lean,T.E. Lawrence,Peter O'Toole; Alec Guinness; Anthony Quinn,8.3,"223,780"
Eternal Sunshine of the Spotless Mind,2004,1h 48min,Drama; Romance; Sci-Fi,Michel Gondry,Charlie Kaufman,Jim Carrey; Kate Winslet; Tom Wilkinson,8.3,"766,253"
Double Indemnity,1944,1h 47min,Crime; Drama; Film-Noir,Billy Wilder,Billy Wilder,Fred MacMurray; Barbara Stanwyck; Edward G. Robinson,8.3,"116,291"
Taxi Driver,1976,1h 54min,Crime; Drama,Martin Scorsese,Paul Schrader,Robert De Niro; Jodie Foster; Cybill Shepherd,8.3,"588,102"
Singin' in the Rain,1952,1h 43min,Comedy; Musical; Romance,Stanley Donen,Betty Comden,Gene Kelly; Donald O'Connor; Debbie Reynolds,8.3,"180,325"
2001: A Space Odyssey,1968,2h 29min,Adventure; Sci-Fi,Stanley Kubrick,Stanley Kubrick,Keir Dullea; Gary Lockwood; William Sylvester,8.3,"497,169"
3 Idiots,2009,2h 50min,Comedy; Drama,Rajkumar Hirani,Rajkumar Hirani,Aamir Khan; Madhavan; Mona Singh,8.4,"268,416"
Toy Story,1995,1h 21min,Animation; Adventure; Comedy,John Lasseter,John Lasseter,Tom Hanks; Tim Allen; Don Rickles,8.3,"726,807"
To Kill a Mockingbird,1962,2h 9min,Crime; Drama,Robert Mulligan,Harper Lee,Gregory Peck; John Megna; Frank Overton,8.3,"252,272"
Full Metal Jacket,1987,1h 56min,Drama; War,Stanley Kubrick,Stanley Kubrick,Matthew Modine; R. Lee Ermey; Vincent D'Onofrio,8.3,"562,743"
Inglourious Basterds,2009,2h 33min,Adventure; Drama; War,Quentin Tarantino,Quentin Tarantino,Brad Pitt; Diane Kruger; Eli Roth,8.3,"1,033,473"
Ladri di biciclette,1948,1h 29min,Drama,Vittorio De Sica,Cesare Zavattini,Lamberto Maggiorani; Enzo Staiola; Lianella Carell,8.3,"114,615"
The Sting,1973,2h 9min,Comedy; Crime; Drama,George Roy Hill,David S. Ward,Paul Newman; Robert Redford; Robert Shaw,8.3,"203,422"
The Kid,1921,1h 8min,Comedy; Drama; Family,Charles Chaplin,Charles Chaplin,Charles Chaplin; Edna Purviance; Jackie Coogan,8.3,"86,123"
Toy Story 3,2010,1h 43min,Animation; Adventure; Comedy,Lee Unkrich,John Lasseter,Tom Hanks; Tim Allen; Joan Cusack,8.3,"630,031"
Snatch,2000,1h 44min,Comedy; Crime,Guy Ritchie,Guy Ritchie,Jason Statham; Brad Pitt; Benicio Del Toro,8.3,"677,976"
Good Will Hunting,1997,2h 6min,Drama,Gus Van Sant,Matt Damon,Robin Williams; Matt Damon; Ben Affleck,8.3,"708,044"
Jagten,2012,1h 55min,Drama,Thomas Vinterberg,Tobias Lindholm,Mads Mikkelsen; Thomas Bo Larsen; Annika Wedderkopp,8.3,"216,262"
Monty Python and the Holy Grail,1975,1h 31min,Adventure; Comedy; Fantasy,Terry Gilliam,Graham Chapman,Graham Chapman; John Cleese; Eric Idle,8.3,"430,221"
Per qualche dollaro in più,1965,2h 12min,Western,Sergio Leone,Sergio Leone,Clint Eastwood; Lee Van Cleef; Gian Maria Volontè,8.3,"187,439"
Scarface,1983,2h 50min,Crime; Drama,Brian De Palma,Oliver Stone,Al Pacino; Michelle Pfeiffer; Steven Bauer,8.3,"616,538"
L.A. Confidential,1997,2h 18min,Crime; Drama; Mystery,Curtis Hanson,James Ellroy,Kevin Spacey; Russell Crowe; Guy Pearce,8.3,"464,728"
The Apartment,1960,2h 5min,Comedy; Drama; Romance,Billy Wilder,Billy Wilder,Jack Lemmon; Shirley MacLaine; Fred MacMurray,8.3,"130,586"
Metropolis,1927,2h 33min,Drama; Sci-Fi,Fritz Lang,Thea von Harbou,Brigitte Helm; Alfred Abel; Gustav Fröhlich,8.3,"131,939"
Jodaeiye Nader az Simin,2011,2h 3min,Drama; Mystery,Asghar Farhadi,Asghar Farhadi,Payman Maadi; Leila Hatami; Sareh Bayat,8.3,"179,975"
Rashômon,1950,1h 28min,Crime; Drama; Mystery,Akira Kurosawa,Ryûnosuke Akutagawa,Toshirô Mifune; Machiko Kyô; Masayuki Mori,8.3,"122,259"
Indiana Jones and the Last Crusade,1989,2h 7min,Action; Adventure; Fantasy,Steven Spielberg,Jeffrey Boam,Harrison Ford; Sean Connery; Alison Doody,8.3,"589,907"
Up,2009,1h 36min,Animation; Adventure; Comedy,Pete Docter,Pete Docter,Edward Asner; Jordan Nagai; John Ratzenberger,8.3,"777,572"
Yôjinbô,1961,1h 50min,Action; Drama; Thriller,Akira Kurosawa,Akira Kurosawa,Toshirô Mifune; Eijirô Tôno; Tatsuya Nakadai,8.3,"88,420"
All About Eve,1950,2h 18min,Drama,Joseph L. Mankiewicz,Joseph L. Mankiewicz,Bette Davis; Anne Baxter; George Sanders,8.3,"98,857"
Batman Begins,2005,2h 20min,Action; Adventure; Thriller,Christopher Nolan,Bob Kane,Christian Bale; Michael Caine; Ken Watanabe,8.3,"1,115,060"
Some Like It Hot,1959,2h 1min,Comedy; Romance,Billy Wilder,Billy Wilder,Marilyn Monroe; Tony Curtis; Jack Lemmon,8.3,"203,530"
Unforgiven,1992,2h 10min,Drama; Western,Clint Eastwood,David Webb Peoples,Clint Eastwood; Gene Hackman; Morgan Freeman,8.2,"317,827"
The Treasure of the Sierra Madre,1948,2h 6min,Adventure; Drama; Western,John Huston,John Huston,Humphrey Bogart; Walter Huston; Tim Holt,8.3,"93,752"
Babam ve Oglum,2005,1h 48min,Drama,Çagan Irmak,Çagan Irmak,Çetin Tekindor; Fikret Kuskan; Hümeyra,8.5,"57,157"
Der Untergang,2004,2h 36min,Biography; Drama; History,Oliver Hirschbiegel,Bernd Eichinger,Bruno Ganz; Alexandra Maria Lara; Ulrich Matthes,8.2,"285,493"
Die Hard,1988,2h 12min,Action; Thriller,John McTiernan,Roderick Thorp,Bruce Willis; Alan Rickman; Bonnie Bedelia,8.2,"673,415"
Heat,1995,2h 50min,Crime; Drama; Thriller,Michael Mann,Michael Mann,Al Pacino; Robert De Niro; Val Kilmer,8.2,"489,376"
Raging Bull,1980,2h 9min,Biography; Drama; Sport,Martin Scorsese,Jake LaMotta,Robert De Niro; Cathy Moriarty; Joe Pesci,8.2,"268,322"
Ikiru,1952,2h 23min,Drama,Akira Kurosawa,Akira Kurosawa,Takashi Shimura; Nobuo Kaneko; Shin'ichi Himori,8.3,"52,629"
The Great Escape,1963,2h 52min,Adventure; Drama; History,John Sturges,Paul Brickhill,Steve McQueen; James Garner; Richard Attenborough,8.2,"191,175"
"Three Billboards Outside Ebbing, Missouri",2017,1h 55min,Crime; Drama,Martin McDonagh,Martin McDonagh,Frances McDormand; Woody Harrelson; Sam Rockwell,8.2,"212,188"
The Third Man,1949,1h 44min,Film-Noir; Mystery; Thriller,Carol Reed,Graham Greene,Orson Welles; Joseph Cotten; Alida Valli,8.2,"133,049"
Bacheha-Ye aseman,1997,1h 29min,Drama; Family,Majid Majidi,Majid Majidi,Mohammad Amir Naji; Amir Farrokh Hashemian; Bahare Seddiqi,8.3,"43,766"
Chinatown,1974,2h 10min,Drama; Mystery; Thriller,Roman Polanski,Robert Towne,Jack Nicholson; Faye Dunaway; John Huston,8.2,"248,340"
Pan's Labyrinth,2006,1h 58min,Drama; Fantasy; War,Guillermo del Toro,Guillermo del Toro,Ivana Baquero; Ariadna Gil; Sergi López,8.2,"536,370"
Incendies,2010,2h 11min,Drama; Mystery; War,Denis Villeneuve,Denis Villeneuve,Lubna Azabal; Mélissa Désormeaux-Poulin; Maxim Gaudette,8.2,"108,692"
Tonari no Totoro,1988,1h 26min,Animation; Family; Fantasy,Hayao Miyazaki,Hayao Miyazaki,Hitoshi Takagi; Noriko Hidaka; Chika Sakamoto,8.2,"214,120"
Ran,1985,2h 42min,Action; Drama,Akira Kurosawa,Akira Kurosawa,Tatsuya Nakadai; Akira Terao; Jinpachi Nezu,8.2,"91,594"
Oordeel te Neurenberg,1961,3h 6min,Drama; War,Stanley Kramer,Abby Mann,Spencer Tracy; Burt Lancaster; Richard Widmark,8.3,"55,985"
El secreto de sus ojos,2009,2h 9min,Drama; Mystery; Romance,Juan José Campanella,Eduardo Sacheri,Ricardo Darín; Soledad Villamil; Pablo Rago,8.2,"159,216"
The Gold Rush,1925,1h 35min,Adventure; Comedy; Drama,Charles Chaplin,Charles Chaplin,Charles Chaplin; Mack Swain; Tom Murray,8.2,"81,933"
Hauru no ugoku shiro,2004,1h 59min,Animation; Adventure; Family,Hayao Miyazaki,Hayao Miyazaki,Chieko Baishô; Takuya Kimura; Tatsuya Gashûin,8.2,"257,258"
The Bridge on the River Kwai,1957,2h 41min,Adventure; Drama; War,David Lean,Pierre Boulle,William Holden; Alec Guinness; Jack Hawkins,8.2,"173,330"
On the Waterfront,1954,1h 48min,Crime; Drama; Thriller,Elia Kazan,Budd Schulberg,Marlon Brando; Karl Malden; Lee J. Cobb,8.2,"118,933"
Inside Out,2015,1h 35min,Animation; Adventure; Comedy,Pete Docter,Pete Docter,Amy Poehler; Bill Hader; Lewis Black,8.2,"474,788"
Det sjunde inseglet,1957,1h 36min,Drama; Fantasy,Ingmar Bergman,Ingmar Bergman,Max von Sydow; Gunnar Björnstrand; Bengt Ekerot,8.2,"131,491"
"Lock, Stock and Two Smoking Barrels",1998,1h 47min,Comedy; Crime,Guy Ritchie,Guy Ritchie,Jason Flemyng; Dexter Fletcher; Nick Moran,8.2,"466,705"
A Beautiful Mind,2001,2h 15min,Biography; Drama,Ron Howard,Akiva Goldsman,Russell Crowe; Ed Harris; Jennifer Connelly,8.2,"713,655"
Casino,1995,2h 58min,Crime; Drama,Martin Scorsese,Nicholas Pileggi,Robert De Niro; Sharon Stone; Joe Pesci,8.2,"384,626"
Room,2015,1h 58min,Drama,Lenny Abrahamson,Emma Donoghue,Brie Larson; Jacob Tremblay; Sean Bridgers,8.2,"270,159"
Mr. Smith Goes to Washington,1939,2h 9min,Comedy; Drama,Frank Capra,Sidney Buchman,James Stewart; Jean Arthur; Claude Rains,8.2,"90,648"
The Elephant Man,1980,2h 4min,Biography; Drama,David Lynch,Christopher De Vore,Anthony Hopkins; John Hurt; Anne Bancroft,8.2,"187,318"
The Wolf of Wall Street,2013,3h,Biography; Comedy; Crime,Martin Scorsese,Terence Winter,Leonardo DiCaprio; Jonah Hill; Margot Robbie,8.2,"942,061"
V for Vendetta,2005,2h 12min,Action; Drama; Sci-Fi,James McTeigue,Lilly Wachowski,Hugo Weaving; Natalie Portman; Rupert Graves,8.2,"898,287"
Blade Runner,1982,1h 57min,Sci-Fi; Thriller,Ridley Scott,Hampton Fancher,Harrison Ford; Rutger Hauer; Sean Young,8.2,"578,841"
Sherlock Jr.,1924,45min,Action; Comedy; Romance,Buster Keaton,Jean C. Havez,Buster Keaton; Kathryn McGuire; Joe Keaton,8.3,"25,809"
Smultronstället,1957,1h 31min,Drama; Romance,Ingmar Bergman,Ingmar Bergman,Victor Sjöström; Bibi Andersson; Ingrid Thulin,8.2,"76,034"
Warrior,2011,2h 20min,Drama; Sport,Gavin O'Connor,Gavin O'Connor,Tom Hardy; Nick Nolte; Joel Edgerton,8.2,"379,952"
The General,1926,1h 7min,Action; Adventure; Comedy,Clyde Bruckman,Buster Keaton,Buster Keaton; Marion Mack; Glen Cavender,8.2,"65,110"
Dial M for Murder,1954,1h 45min,Crime; Film-Noir; Thriller,Alfred Hitchcock,Frederick Knott,Ray Milland; Grace Kelly; Robert Cummings,8.2,"128,602"
Trainspotting,1996,1h 34min,Drama,Danny Boyle,Irvine Welsh,Ewan McGregor; Ewen Bremner; Jonny Lee Miller,8.2,"553,291"
Gone with the Wind,1939,3h 58min,Drama; History; Romance,Victor Fleming,Margaret Mitchell,Clark Gable; Vivien Leigh; Thomas Mitchell,8.2,"246,847"
Gran Torino,2008,1h 56min,Drama,Clint Eastwood,Nick Schenk,Clint Eastwood; Bee Vang; Christopher Carley,8.1,"632,364"
No Country for Old Men,2007,2h 2min,Crime; Drama; Thriller,Ethan Coen,Joel Coen,Tommy Lee Jones; Javier Bardem; Josh Brolin,8.1,"709,669"
The Sixth Sense,1999,1h 47min,Drama; Mystery; Thriller,M. Night Shyamalan,M. Night Shyamalan,Bruce Willis; Haley Joel Osment; Toni Collette,8.1,"793,879"
Fargo,1996,1h 38min,Crime; Drama; Thriller,Joel Coen,Ethan Coen,William H. Macy; Frances McDormand; Steve Buscemi,8.1,"523,885"
The Deer Hunter,1978,3h 3min,Drama; War,Michael Cimino,Michael Cimino,Robert De Niro; Christopher Walken; John Cazale,8.2,"266,424"
There Will Be Blood,2007,2h 38min,Drama,Paul Thomas Anderson,Paul Thomas Anderson,Daniel Day-Lewis; Paul Dano; Ciarán Hinds,8.1,"432,220"
The Thing,1982,1h 49min,Horror; Mystery; Sci-Fi,John Carpenter,Bill Lancaster,Kurt Russell; Wilford Brimley; Keith David,8.1,"304,338"
Finding Nemo,2003,1h 40min,Animation; Adventure; Comedy,Andrew Stanton,Andrew Stanton,Albert Brooks; Ellen DeGeneres; Alexander Gould,8.1,"804,381"
The Big Lebowski,1998,1h 57min,Comedy; Crime,Joel Coen,Ethan Coen,Jeff Bridges; John Goodman; Julianne Moore,8.2,"617,032"
Idi i smotri,1985,2h 22min,Drama; War,Elem Klimov,Ales Adamovich,Aleksey Kravchenko; Olga Mironova; Liubomiras Laucevicius,8.2,"37,260"
Sunrise: A Song of Two Humans,1927,1h 34min,Drama; Romance,F.W. Murnau,Carl Mayer,George O'Brien; Janet Gaynor; Margaret Livingston,8.2,"38,577"
Cool Hand Luke,1967,2h 6min,Crime; Drama,Stuart Rosenberg,Donn Pearce,Paul Newman; George Kennedy; Strother Martin,8.1,"137,903"
Kill Bill: Vol. 1,2003,1h 51min,Action; Crime; Thriller,Quentin Tarantino,Quentin Tarantino,Uma Thurman; David Carradine; Daryl Hannah,8.1,"840,762"
Tôkyô monogatari,1953,2h 16min,Drama,Yasujirô Ozu,Kôgo Noda,Chishû Ryû; Chieko Higashiyama; Sô Yamamura,8.2,"37,706"
Rebecca,1940,2h 10min,Drama; Mystery; Romance,Alfred Hitchcock,Daphne Du Maurier,Laurence Olivier; Joan Fontaine; George Sanders,8.2,"102,806"
Eskiya,1996,2h 8min,Crime; Drama; Thriller,Yavuz Turgul,Yavuz Turgul,Sener Sen; Ugur Yücel; Sermin Hürmeriç,8.4,"49,387"
Shutter Island,2010,2h 18min,Mystery; Thriller,Martin Scorsese,Laeta Kalogridis,Leonardo DiCaprio; Emily Mortimer; Mark Ruffalo,8.1,"925,093"
Hacksaw Ridge,2016,2h 19min,Biography; Drama; History,Mel Gibson,Robert Schenkkan,Andrew Garfield; Sam Worthington; Luke Bracey,8.2,"312,120"
Hoe tem je een draak,2010,1h 38min,Animation; Action; Adventure,Dean DeBlois,William Davies,Jay Baruchel; Gerard Butler; Christopher Mintz-Plasse,8.1,"561,843"
Mary and Max,2009,1h 32min,Animation; Comedy; Drama,Adam Elliot,Adam Elliot,Toni Collette; Philip Seymour Hoffman; Eric Bana,8.1,"140,673"
Andrei Rublev,1966,3h 25min,Biography; Drama; History,Andrei Tarkovsky,Andrey Konchalovskiy,Anatoliy Solonitsyn; Ivan Lapikov; Nikolay Grinko,8.2,"33,410"
Gone Girl,2014,2h 29min,Crime; Drama; Mystery,David Fincher,Gillian Flynn,Ben Affleck; Rosamund Pike; Neil Patrick Harris,8.1,"696,278"
Blade Runner 2049,2017,2h 44min,Drama; Mystery; Sci-Fi,Denis Villeneuve,Hampton Fancher,Harrison Ford; Ryan Gosling; Ana de Armas,8.1,"279,114"
Into the Wild,2007,2h 28min,Adventure; Biography; Drama,Sean Penn,Sean Penn,Emile Hirsch; Vince Vaughn; Catherine Keener,8.1,"492,534"
Life of Brian,1979,1h 34min,Comedy,Terry Jones,Graham Chapman,Graham Chapman; John Cleese; Michael Palin,8.1,"309,271"
Relatos salvajes,2014,2h 2min,Comedy; Drama; Thriller,Damián Szifron,Germán Servidio,Darío Grandinetti; María Marull; Mónica Villa,8.1,"131,539"
Rang De Basanti,2006,2h 37min,Comedy; Drama,Rakeysh Omprakash Mehra,Renzil D'Silva,Aamir Khan; Soha Ali Khan; Siddharth,8.3,"91,282"
Het gebeurde op 'n avond,1934,1h 45min,Comedy; Romance,Frank Capra,Robert Riskin,Clark Gable; Claudette Colbert; Walter Connolly,8.1,"78,008"
La passion de Jeanne d'Arc,1928,1h 50min,Biography; Drama; History,Carl Theodor Dreyer,Joseph Delteil,Maria Falconetti; Eugene Silvain; André Berley,8.2,"35,255"
Platoon,1986,2h,Drama; War,Oliver Stone,Oliver Stone,Charlie Sheen; Tom Berenger; Willem Dafoe,8.1,"330,665"
In the Name of the Father,1993,2h 13min,Biography; Drama,Jim Sheridan,Gerry Conlon,Daniel Day-Lewis; Pete Postlethwaite; Alison Crosbie,8.1,"131,249"
Hotel Rwanda,2004,2h 1min,Biography; Drama; History,Terry George,Keir Pearson,Don Cheadle; Sophie Okonedo; Joaquin Phoenix,8.1,"297,712"
Network,1976,2h 1min,Drama,Sidney Lumet,Paddy Chayefsky,Faye Dunaway; William Holden; Peter Finch,8.1,"121,702"
Stand by Me,1986,1h 29min,Adventure; Drama,Rob Reiner,Stephen King,Wil Wheaton; River Phoenix; Corey Feldman,8.1,"312,999"
The Grand Budapest Hotel,2014,1h 39min,Adventure; Comedy; Drama,Wes Anderson,Stefan Zweig,Ralph Fiennes; F. Murray Abraham; Mathieu Amalric,8.1,"581,525"
Le salaire de la peur,1953,2h 11min,Adventure; Drama; Thriller,Henri-Georges Clouzot,Georges Arnaud,Yves Montand; Charles Vanel; Peter van Eyck,8.2,"44,130"
Stalker,1979,2h 42min,Drama; Sci-Fi,Andrei Tarkovsky,Arkadiy Strugatskiy,Alisa Freyndlikh; Aleksandr Kaydanovskiy; Anatoliy Solonitsyn,8.1,"86,857"
Ben Hur,1959,3h 32min,Adventure; Drama; History,William Wyler,Lew Wallace,Charlton Heston; Jack Hawkins; Stephen Boyd,8.1,"188,004"
Jurassic Park,1993,2h 7min,Adventure; Sci-Fi; Thriller,Steven Spielberg,Michael Crichton,Sam Neill; Laura Dern; Jeff Goldblum,8.1,"716,955"
Rush,2013,2h 3min,Action; Biography; Drama,Ron Howard,Peter Morgan,Daniel Brühl; Chris Hemsworth; Olivia Wilde,8.1,"366,833"
Persona,1966,1h 25min,Drama; Thriller,Ingmar Bergman,Ingmar Bergman,Bibi Andersson; Liv Ullmann; Margaretha Krook,8.1,"77,405"
Salinui chueok,2003,2h 11min,Action; Crime; Drama,Joon-ho Bong,Joon-ho Bong,Kang-ho Song; Sang-kyung Kim; Roe-ha Kim,8.1,"88,320"
12 Years a Slave,2013,2h 14min,Biography; Drama; History,Steve McQueen,John Ridley,Chiwetel Ejiofor; Michael Kenneth Williams; Michael Fassbender,8.1,"531,903"
The Truman Show,1998,1h 43min,Comedy; Drama; Sci-Fi,Peter Weir,Andrew Niccol,Jim Carrey; Ed Harris; Laura Linney,8.1,"774,181"
Million Dollar Baby,2004,2h 12min,Drama; Sport,Clint Eastwood,Paul Haggis,Hilary Swank; Clint Eastwood; Morgan Freeman,8.1,"550,871"
Les quatre cents coups,1959,1h 39min,Crime; Drama,François Truffaut,François Truffaut,Jean-Pierre Léaud; Albert Rémy; Claire Maurier,8.1,"84,559"
Mad Max: Fury Road,2015,2h,Action; Adventure; Sci-Fi,George Miller,George Miller,Tom Hardy; Charlize Theron; Nicholas Hoult,8.1,"704,622"
Spotlight,2015,2h 8min,Crime; Drama; History,Tom McCarthy,Josh Singer,Mark Ruffalo; Michael Keaton; Rachel McAdams,8.1,"318,837"
Logan,2017,2h 17min,Action; Drama; Sci-Fi,James Mangold,James Mangold,Hugh Jackman; Patrick Stewart; Dafne Keen,8.1,"469,216"
Amores perros,2000,2h 34min,Drama; Thriller,Alejandro G. Iñárritu,Guillermo Arriaga,Emilio Echevarría; Gael García Bernal; Goya Toledo,8.1,"196,140"
Before Sunrise,1995,1h 41min,Drama; Romance,Richard Linklater,Richard Linklater,Ethan Hawke; Julie Delpy; Andrea Eckert,8.1,"219,018"
Hachi: A Dog's Tale,2009,1h 33min,Drama; Family,Lasse Hallström,Stephen P. Lindsey,Richard Gere; Joan Allen; Cary-Hiroyuki Tagawa,8.1,"201,388"
Butch Cassidy and the Sundance Kid,1969,1h 50min,Biography; Crime; Drama,George Roy Hill,William Goldman,Paul Newman; Robert Redford; Katharine Ross,8.1,"174,874"
Kaze no tani no Naushika,1984,1h 57min,Animation; Adventure; Fantasy,Hayao Miyazaki,Hayao Miyazaki,Sumi Shimamoto; Mahito Tsujimura; Hisako Kyôda,8.1,"117,059"
The Princess Bride,1987,1h 38min,Adventure; Family; Fantasy,Rob Reiner,William Goldman,Cary Elwes; Mandy Patinkin; Robin Wright,8.1,"334,768"
Prisoners,2013,2h 33min,Crime; Drama; Mystery,Denis Villeneuve,Aaron Guzikowski,Hugh Jackman; Jake Gyllenhaal; Viola Davis,8.1,"479,228"
La La Land,2016,2h 8min,Comedy; Drama; Music,Damien Chazelle,Damien Chazelle,Ryan Gosling; Emma Stone; Rosemarie DeWitt,8.1,"365,205"
A Wednesday,2008,1h 44min,Crime; Drama; Mystery,Neeraj Pandey,Neeraj Pandey,Anupam Kher; Naseeruddin Shah; Jimmy Shergill,8.2,"61,232"
Catch Me If You Can,2002,2h 21min,Biography; Crime; Drama,Steven Spielberg,Jeff Nathanson,Leonardo DiCaprio; Tom Hanks; Christopher Walken,8.1,"648,798"
The Maltese Falcon,1941,1h 40min,Film-Noir; Mystery,John Huston,John Huston,Humphrey Bogart; Mary Astor; Gladys George,8.1,"131,173"
Harry Potter and the Deathly Hallows: Part 2,2011,2h 10min,Adventure; Drama; Fantasy,David Yates,Steve Kloves,Daniel Radcliffe; Emma Watson; Rupert Grint,8.1,"638,082"
Rocky,1976,2h,Drama; Sport,John G. Avildsen,Sylvester Stallone,Sylvester Stallone; Talia Shire; Burt Young,8.1,"438,059"
Le notti di Cabiria,1957,1h 50min,Drama,Federico Fellini,Federico Fellini,Giulietta Masina; François Périer; Franca Marzi,8.1,"34,681"
The Grapes of Wrath,1940,2h 9min,Drama; History,John Ford,Nunnally Johnson,Henry Fonda; Jane Darwell; John Carradine,8.1,"75,020"
"Monsters, Inc.",2001,1h 32min,Animation; Adventure; Comedy,Pete Docter,Pete Docter,Billy Crystal; John Goodman; Mary Gibbs,8.1,"681,230"
Demonen,1955,1h 57min,Crime; Drama; Horror,Henri-Georges Clouzot,Pierre Boileau,Simone Signoret; Véra Clouzot; Paul Meurisse,8.1,"51,730"
Donnie Darko,2001,1h 53min,Drama; Sci-Fi; Thriller,Richard Kelly,Richard Kelly,Jake Gyllenhaal; Jena Malone; Mary McDonnell,8.1,"659,502"
Barry Lyndon,1975,3h 5min,Adventure; Drama; History,Stanley Kubrick,Stanley Kubrick,Ryan O'Neal; Marisa Berenson; Patrick Magee,8.1,"120,691"
Paper Moon,1973,1h 42min,Comedy; Crime; Drama,Peter Bogdanovich,Joe David Brown,Ryan O'Neal; Tatum O'Neal; Madeline Kahn,8.1,"32,531"
Gandhi,1982,3h 11min,Biography; Drama; History,Richard Attenborough,John Briley,Ben Kingsley; John Gielgud; Candice Bergen,8.1,"196,273"
Touch of Evil,1958,1h 35min,Crime; Drama; Film-Noir,Orson Welles,Orson Welles,Charlton Heston; Orson Welles; Janet Leigh,8.1,"85,030"
The Terminator,1984,1h 47min,Action; Sci-Fi,James Cameron,James Cameron,Arnold Schwarzenegger; Linda Hamilton; Michael Biehn,8.0,"682,321"
La haine,1995,1h 38min,Crime; Drama,Mathieu Kassovitz,Mathieu Kassovitz,Vincent Cassel; Hubert Koundé; Saïd Taghmaoui,8.1,"122,811"
Groundhog Day,1993,1h 41min,Comedy; Fantasy; Romance,Harold Ramis,Danny Rubin,Bill Murray; Andie MacDowell; Chris Elliott,8.0,"506,335"
The Wizard of Oz,1939,1h 42min,Adventure; Family; Fantasy,Victor Fleming,Noel Langley,Judy Garland; Frank Morgan; Ray Bolger,8.0,"330,497"
The Bourne Ultimatum,2007,1h 55min,Action; Mystery; Thriller,Paul Greengrass,Tony Gilroy,Matt Damon; Edgar Ramírez; Joan Allen,8.0,"555,562"
Annie Hall,1977,1h 33min,Comedy; Romance,Woody Allen,Woody Allen,Woody Allen; Diane Keaton; Tony Roberts,8.0,"224,926"
Dead Poets Society,1989,2h 8min,Comedy; Drama,Peter Weir,Tom Schulman,Robin Williams; Robert Sean Leonard; Ethan Hawke,8.1,"327,829"
8½,1963,2h 18min,Drama,Federico Fellini,Federico Fellini,Marcello Mastroianni; Anouk Aimée; Claudia Cardinale,8.1,"92,832"
Jaws,1975,2h 4min,Adventure; Drama; Thriller,Steven Spielberg,Peter Benchley,Roy Scheider; Robert Shaw; Richard Dreyfuss,8.0,"475,334"
Faa yeung nin wa,2000,1h 38min,Drama; Romance,Kar-Wai Wong,Kar-Wai Wong,Tony Chiu-Wai Leung; Maggie Cheung; Ping Lam Siu,8.1,"94,823"
The Help,2011,2h 26min,Drama,Tate Taylor,Tate Taylor,Emma Stone; Viola Davis; Octavia Spencer,8.1,"367,326"
De beste jaren van ons leven,1946,2h 50min,Drama; Romance; War,William Wyler,Robert E. Sherwood,Myrna Loy; Dana Andrews; Fredric March,8.1,"49,077"
Mou gaan dou,2002,1h 41min,Crime; Drama; Mystery,Wai-Keung Lau,Alan Mak,Andy Lau; Tony Chiu-Wai Leung; Anthony Chau-Sang Wong,8.1,"106,417"
"Paris, Texas",1984,2h 25min,Drama,Wim Wenders,L.M. Kit Carson,Harry Dean Stanton; Nastassja Kinski; Dean Stockwell,8.1,"65,152"
Twelve Monkeys,1995,2h 9min,Mystery; Sci-Fi; Thriller,Terry Gilliam,Chris Marker,Bruce Willis; Madeleine Stowe; Brad Pitt,8.0,"517,952"
Belle en het Beest,1991,1h 24min,Animation; Family; Fantasy,Gary Trousdale,Linda Woolverton,Paige O'Hara; Robby Benson; Jesse Corti,8.0,"363,574"
Before Sunset,2004,1h 20min,Drama; Romance,Richard Linklater,Richard Linklater,Ethan Hawke; Julie Delpy; Vernon Dobtcheff,8.1,"191,122"
Trois couleurs: Rouge,1994,1h 39min,Drama; Mystery; Romance,Krzysztof Kieslowski,Krzysztof Kieslowski,Irène Jacob; Jean-Louis Trintignant; Frédérique Feder,8.1,"73,218"
De slag om Algiers,1966,2h 1min,Drama; War,Gillo Pontecorvo,Franco Solinas,Brahim Hadjadj; Jean Martin; Yacef Saadi,8.1,"44,542"
Mandariinid,2013,1h 27min,Drama; War,Zaza Urushadze,Tatjana Mülbeier,Lembit Ulfsak; Elmo Nüganen; Giorgi Nakashidze,8.3,"27,672"
Akira,1988,2h 4min,Animation; Action; Drama,Katsuhiro Ôtomo,Katsuhiro Ôtomo,Mitsuo Iwata; Nozomu Sasaki; Mami Koyama,8.1,"124,947"
Dog Day Afternoon,1975,2h 5min,Biography; Crime; Drama,Sidney Lumet,Frank Pierson,Al Pacino; John Cazale; Penelope Allen,8.0,"207,269"
